RecordedDate,ResponseId,domain,Condition,understanding_pre_1,happy_pre_1,accuracy_post,accuracy_pre,understanding_post_1
2025-09-13 12:01:32,R_2IbHcIbwIxMFV26,phil,AI,35,73,0.7,0.2,9
2025-09-13 12:06:58,R_10vGvDjDel2UGDj,phil,AI,28,74,0.6,0.4,35
2025-09-13 12:08:06,R_81cDeR61nNOkHcB,phil,AI,27,72,0.4,0.4,20
2025-09-13 12:08:47,R_8TN0dFAL0ks1AJX,phil,AI,11,55,0.8,0.5,27
2025-09-13 12:09:33,R_75f5awT0gIGz1Hr,phil,AI,37,33,0.9,0.5,43
2025-09-13 12:09:52,R_3aySnV9HCxrrmxO,phil,AI,39,37,0.7,0.7,44
2025-09-13 12:10:05,R_2aawEthpmO5w3Q8,phil,AI,36,20,0.7,0.7,23
2025-09-13 12:10:21,R_2TmGfiIO38XgrND,phil,AI,48,100,0.3,0.2,18
2025-09-13 12:13:08,R_1Qo0osvYdP9Bn8M,phil,AI,55,64,0.7,0.7,42
2025-09-13 12:13:39,R_2hSxFmnOWoOABm1,phil,AI,41,48,0.7,0.7,42
2025-09-13 12:17:26,R_7JIx1FlEwVLuIiy,phil,AI,60,35,0.8,0.7,40
2025-09-13 12:18:19,R_1sXskViNU5vBzre,phil,AI,63,76,0.9,0.6,42
2025-09-13 12:21:09,R_8oHHDiDC54Omox3,phil,AI,73,74,0.7,0.7,51
2025-09-13 12:21:42,R_54Je1LDv7Q4n8kW,phil,AI,40,86,1,0.6,29
2025-09-13 12:21:51,R_5Jy2Y1fQKm7haMX,phil,AI,23,68,0.2,0.5,1
2025-09-13 12:22:37,R_8MmzyagKr5LWTXR,phil,AI,48,32,0.5,0.4,32
2025-09-13 12:22:45,R_251ULsAv4aQbPvr,phil,AI,33,89,0.3,0.7,32
2025-09-13 12:23:59,R_20CAfvnJu5RNm4X,phil,AI,48,36,0.6,0.3,46
2025-09-13 12:24:08,R_8z5v3NQG8x5bNtq,phil,AI,26,62,0.4,0.4,0
2025-09-13 12:24:51,R_8H0RYbUDmwEkLsT,phil,AI,63,37,0.8,0.6,41
2025-09-13 12:28:11,R_8uCIo1VAFQPW1rC,phil,AI,69,29,0.6,0.7,66
2025-09-13 12:32:08,R_56mhTvwRR1058oF,phil,AI,56,84,0.5,0.6,39
2025-09-13 12:34:32,R_2EtbkfIuBjQiL6k,phil,AI,50,52,0.7,0.6,53
2025-09-13 12:42:02,R_72zDNOLW6vdIhzf,phil,AI,67,66,0.2,0.5,62
2025-09-13 12:42:49,R_81zyt0RxoROjnKu,phil,AI,57,37,0.7,0.3,33
2025-09-13 12:47:18,R_2ksuZE0ABgHl4Kl,phil,AI,91,95,0.8,1,98
2025-09-13 12:50:38,R_32Rv2OYMD8YHIkA,phil,AI,58,79,0.4,0.6,53
2025-09-13 12:56:59,R_5fwXpczraCKE5HZ,phil,AI,100,100,0.6,0.9,100
2025-09-13 12:57:09,R_2qVwNJrvbwLBTtI,phil,AI,59,79,0.6,0.6,18
2025-09-13 13:18:57,R_3GNgdSJd2zUW80H,phil,AI,51,86,0.5,0.5,40
2025-09-15 03:28:06,R_26fOW9RFwD52fbv,phil,AI,25,51,0.3,0.3,0
2025-09-15 03:29:11,R_2X7NkIdmnOyVPH0,phil,AI,9,52,0.9,0.7,3
2025-09-15 03:30:56,R_8zVURUoUdXkjV0B,phil,AI,52,70,0.6,0.4,20
2025-09-15 03:31:01,R_2mFvUCaMtYCGOQV,phil,AI,60,54,0.6,0.3,38
2025-09-15 03:31:07,R_2HBmugIL1YQfuKo,phil,AI,24,37,0.9,0.3,36
2025-09-15 03:31:26,R_21G99eWCOgsJQg9,phil,AI,6,79,0.8,0.2,29
2025-09-15 03:32:34,R_2fcT7rinH8ahnmv,phil,AI,62,51,0.9,0.4,58
2025-09-15 03:33:07,R_2eaInZCj1xa2Rzj,phil,AI,80,72,0.5,0.1,33
2025-09-15 03:33:15,R_82j4ESMSbcTHXX3,phil,AI,47,55,0.4,0.5,35
2025-09-15 03:33:36,R_2r2QaPYZQoYOcMP,phil,AI,69,62,0.7,0.6,37
2025-09-15 03:34:25,R_2iwYZVvrQWDEBLb,phil,AI,56,75,0.6,0.4,22
2025-09-15 03:34:40,R_3SAhNY6gQx48Mki,phil,AI,69,78,0.7,0.4,26
2025-09-15 03:36:12,R_2PGYzJFt9yW2NJz,phil,AI,54,58,0.7,0.6,63
2025-09-15 03:37:38,R_6BRvBUXcBpBbilr,phil,AI,41,2,0.9,0.5,5
2025-09-15 03:38:14,R_8vZc9oCnFx1MH69,phil,AI,61,0,0.5,0.5,58
2025-09-15 03:38:15,R_2xV8kBFura79rep,phil,AI,47,88,0.5,0.6,3
2025-09-15 03:40:31,R_6wRK8TtSXLlnSy5,phil,AI,19,96,0.2,0.3,19
2025-09-15 03:41:32,R_8GmCMvBxxbfQxTb,phil,AI,23,65,0.7,0.2,27
2025-09-15 03:41:44,R_2KrUd08VkacZoKM,phil,AI,22,100,0.5,0.6,37
2025-09-15 03:41:59,R_8ErTgVE8regnbFw,phil,AI,28,68,0.6,0.5,15
2025-09-15 03:42:07,R_2GUmbbp4TgDnhW4,phil,AI,29,79,0.8,0.7,25
2025-09-15 03:42:18,R_2XuHl9Phb0DrIcx,phil,AI,68,9,0.9,0.7,21
2025-09-15 03:42:32,R_8DZ8tNBBmOkhWGv,phil,AI,53,86,0.4,0.6,37
2025-09-15 03:43:08,R_811ilT7O4Pbqof8,phil,AI,47,57,0.6,0.3,44
2025-09-15 03:44:53,R_8pigKyNRO5dlumZ,phil,AI,41,57,0.6,0.3,35
2025-09-15 03:50:32,R_8IfgMqtM8AbI9zz,phil,AI,89,100,0.6,0.6,79
2025-09-15 03:52:07,R_8M0CnA4N8ZOF81G,phil,AI,29,60,0.9,0.5,37
2025-09-15 03:55:50,R_2Y1jkh3R2Nayyzv,phil,AI,55,52,0.8,0.7,55
2025-09-15 03:56:48,R_8WByJiYTLEmSsuE,phil,AI,1,57,0.3,0.6,1
2025-09-15 04:09:15,R_2L0CxX2pNbvANWe,phil,AI,16,25,0.8,0.4,4
2025-09-16 08:36:38,R_8lMmGPcLrXQJcR6,phil,AI,56,35,0.5,0.6,49
2025-09-16 08:39:32,R_8o9wdpdhy6lPRrX,phil,AI,43,28,0.8,0.4,30
2025-09-16 08:39:40,R_2Cm5WIXH5KWRlOF,phil,AI,7,81,0.4,0.6,49
2025-09-16 08:41:58,R_1nOYOqGhKUuxwcN,phil,AI,27,82,0.6,0,18
2025-09-16 08:42:07,R_2eM4lVOeDi2fnTf,phil,AI,48,76,0.7,0.7,19
2025-09-16 08:42:41,R_22Wvzp5QEiOktbj,phil,AI,72,100,0.5,0.5,78
2025-09-16 08:43:16,R_8mv0W9yCJ7rAARX,phil,AI,39,77,1,0.6,32
2025-09-16 08:44:21,R_8aFyCVccAHkEuAd,phil,AI,51,63,0.7,0.6,15
2025-09-16 08:44:39,R_2ozk4014FUrSKHL,phil,AI,27,51,0.3,0.5,19
2025-09-16 08:44:51,R_2rNtfSzsXqZLagl,phil,AI,35,19,0.9,0.7,34
2025-09-16 08:45:04,R_20SnSjNka5lGgsu,phil,AI,37,77,0.8,0.7,53
2025-09-16 08:46:42,R_2Qt3rdcqwJoiFLX,phil,AI,31,75,0.7,0.6,76
2025-09-16 08:50:55,R_6O7aMaLHrvuZdBx,phil,AI,48,25,0.5,0.4,25
2025-09-16 08:51:18,R_2IEFDsBEYWdGY9P,phil,AI,48,86,0.9,0.5,20
2025-09-16 08:53:08,R_8B2PfiM9hoQVWzh,phil,AI,49,51,0.6,0.4,19
2025-09-16 08:53:25,R_8CO8m5TgT8ZXvcj,phil,AI,35,71,0.8,0.6,19
2025-09-16 08:53:57,R_8Ic60B0KlUeKH8d,phil,AI,38,58,0.7,0.5,13
2025-09-16 08:54:05,R_8E9qTpW9rLrcRgJ,phil,AI,48,58,0.5,0.7,29
2025-09-16 08:54:14,R_8jJNaW5qe6HkKLk,phil,AI,66,64,0.6,0.4,51
2025-09-16 08:55:11,R_6BFhTp0yECVxXwt,phil,AI,60,82,0.4,0.6,36
2025-09-16 08:56:37,R_8gdW7lutCV6h9lJ,phil,AI,79,64,0.9,0.7,57
2025-09-16 09:03:12,R_2dyRUJDtz1ojPco,phil,AI,21,59,0.4,0.4,10
2025-09-16 09:03:39,R_8QJRR8x7ZReOQew,phil,AI,23,35,0.5,0.5,33
2025-09-16 09:06:11,R_2ZCEQckTmhNOXpE,phil,AI,42,26,0.6,0.5,15
2025-09-16 09:07:15,R_2NJ9RpUSI6zdj3p,phil,AI,33,78,0.8,0.5,35
2025-09-16 09:07:29,R_8v5u1oWWY4qox6V,phil,AI,0,28,0.7,0.6,11
2025-09-16 09:10:45,R_2Ngq2rOtdKwFoDx,phil,AI,31,81,0.8,0.4,0
2025-09-16 09:12:01,R_2fxuKw7mSgKd0LM,phil,AI,20,58,0.8,0.5,54
2025-09-16 09:13:37,R_87Jvbh8Smuj1GYw,phil,AI,50,29,0.5,0.2,27
2025-09-16 09:13:58,R_2kFIl0ecFJFQV25,phil,AI,31,16,0.6,0.2,9
2025-09-16 09:14:48,R_22ter5HuKss5TXv,phil,AI,60,63,0.9,0.6,61
2025-09-16 09:16:08,R_7Ihfi1VLqFbbLgO,phil,AI,71,87,0.3,0.7,77
2025-09-16 09:16:34,R_8p4I0qaTAPvAamB,phil,AI,31,60,0.9,0.4,43
2025-09-16 09:17:52,R_3zoNwy2UU7c9hlc,phil,AI,65,19,0.9,0.7,65
2025-09-16 09:17:59,R_22qXWnT01kuTVWt,phil,AI,72,58,0.5,0.4,43
2025-09-16 09:20:30,R_5O8rBpEWtzcCFYE,phil,AI,74,76,0.6,0.8,60
2025-09-16 09:23:35,R_28FCpEnVXQ51iAD,phil,AI,51,82,0.9,0.9,60
2025-09-16 09:35:04,R_8nQ5HLQoRT91BJo,phil,AI,85,100,0.6,0.7,71
2025-09-16 09:48:37,R_8ehnmmUEKy8VuGU,phil,AI,32,63,1,0.6,65
2025-09-16 10:30:50,R_2hJV50NCNM7y5KK,phil,AI,3,86,0.3,0.4,9
2025-09-26 15:26:57,R_1zyEOY0J9v7vZSN,phil,No,59,81,0.7,0.6,60
2025-09-26 15:30:21,R_8CH7MydUdQnVyoJ,phil,No,54,79,0.6,0.5,32
2025-09-26 15:30:50,R_2ariSrKhrai7G0z,phil,No,65,68,0.3,0.6,42
2025-09-26 15:32:10,R_6ay5b9rUEX3uMAy,phil,No,19,76,0.5,0.5,11
2025-09-26 15:32:52,R_3BIK5bmLp1UrwZ3,phil,No,67,51,0.7,0.8,5
2025-09-26 15:33:05,R_8H2Frm1GRURArTi,phil,No,77,87,0.5,0.3,0
2025-09-26 15:33:05,R_8rVp3QSOP3AzMfZ,phil,No,23,60,0.4,0.6,1
2025-09-26 15:33:49,R_6x6jIuIT5ZSFQmR,phil,No,61,85,0.4,0.2,60
2025-09-26 15:34:26,R_8gri4dUy6H5QtX3,phil,No,56,73,0.9,0.9,50
2025-09-26 15:36:12,R_61XU7nqHvbnE9mH,phil,No,36,49,0.5,0.5,3
2025-09-26 15:37:29,R_1EM3kIUlA2gWsE1,phil,No,58,39,0.3,0.7,26
2025-09-26 15:38:13,R_6ATcmpgLdU3l1Ch,phil,No,77,58,0.8,0.7,39
2025-09-26 15:39:22,R_20PeH5Llt4ETlbF,phil,No,51,66,0.5,0.5,47
2025-09-26 15:39:28,R_2lFhuCwG6vrcJ1j,phil,No,59,69,0.6,0.7,42
2025-09-26 15:39:48,R_1QtctLa72wlZD2P,phil,No,81,65,0.9,0.7,65
2025-09-26 15:40:56,R_6egJiW2CFWZqm0V,phil,No,61,61,0.8,0.5,27
2025-09-26 15:41:31,R_2n89jrRGzF8pSqT,phil,No,16,81,0.6,0.5,0
2025-09-26 15:42:02,R_7TQUKVvAsdSBZ9a,phil,No,66,55,0.6,0.5,21
2025-09-26 15:42:23,R_8LtfQ3hlxARCfSJ,phil,No,54,79,0.2,0.4,27
2025-09-26 15:43:07,R_8nVN2IqPdb15hRL,phil,No,18,76,0.3,0.6,7
2025-09-26 15:43:33,R_2MPQxozeSALjYco,phil,No,5,72,0.6,0.7,0
2025-09-26 15:44:32,R_8S5G9nR3hW09TqN,phil,No,33,99,0.6,0.7,100
2025-09-26 15:45:28,R_2VlQwWjCWsWuI6x,phil,No,51,78,0.9,0.8,74
2025-09-26 15:45:36,R_8wQzlKNxCXMPveK,phil,No,72,74,0.3,0.9,50
2025-09-26 15:45:38,R_5HNDvQPNgcygGxH,phil,No,29,78,0.1,0.7,36
2025-09-26 15:46:20,R_2frUKLtuwHrgXfP,phil,No,12,64,0.8,0.7,11
2025-09-26 15:47:08,R_7CaJ0y92nVZQDK1,phil,No,65,93,0.7,0.6,40
2025-09-26 15:47:57,R_8lJOr97rbCNwTJn,phil,No,47,83,0.5,0.4,2
2025-09-26 15:49:39,R_8ypItsA0tY06l9d,phil,No,52,95,0.4,0.4,14
2025-09-26 15:52:01,R_2qgJ0OnyV5TT5QQ,phil,No,81,56,0.3,0.4,45
2025-09-26 15:52:50,R_1TWNQFURftFDC6Q,phil,No,68,90,0.4,0.7,11
2025-09-26 15:54:27,R_2FKii4iFNF5r4zO,phil,No,52,67,0.4,0.5,9
2025-09-26 15:58:49,R_2fT7juK2VGsSWU2,phil,No,35,58,0.5,0.4,31
2025-09-26 15:59:15,R_8aCCeVX142Shn4B,phil,No,17,52,0.7,0.5,5
2025-09-26 16:03:26,R_3QDgDliOEVgJ7ba,phil,No,3,60,0.2,0.5,1
2025-09-26 16:03:40,R_8mF6XFbxyrNNI2d,phil,No,51,62,0.6,0.2,2
2025-09-26 16:03:42,R_8EcZnJLikO1IDVj,phil,No,46,66,0.3,0.4,0
2025-09-26 16:03:57,R_7e4jtLjXSrO9f9s,phil,No,24,32,0.8,0.9,20
2025-09-26 16:04:03,R_8exfRH6e7bvVRmA,phil,No,72,93,0.5,0.3,80
2025-09-26 16:04:28,R_6WHaUrGlL8nUnkk,phil,No,62,25,0.5,0.6,36
2025-09-26 16:04:43,R_8L6EMrfW7IUGVI2,phil,No,48,84,0.7,0.6,57
2025-09-26 16:04:53,R_8dGR8YwnQ4Sx7jW,phil,No,39,58,0.7,0.6,7
2025-09-26 16:07:20,R_8Nn0RD57SJtjsVf,phil,No,20,58,0.5,0.5,2
2025-09-26 16:08:22,R_8S8G5TF6FSa54Uj,phil,No,10,73,0.6,0.3,15
2025-09-26 16:09:06,R_8tym85RuhydyRNv,phil,No,50,63,0.6,0.8,33
2025-09-26 16:09:15,R_6QPPj57uwPOBqKk,phil,No,81,26,0.5,0.2,49
2025-09-26 16:11:08,R_2YNprC5YzehSig9,phil,No,57,44,0.9,0.7,46
2025-09-26 16:11:13,R_2o7mB1NVmQEq8Dr,phil,No,54,44,0.7,0.3,40
2025-09-26 16:12:32,R_253Iqg28ZcHPAtz,phil,No,26,47,0.5,0.5,8
2025-09-26 16:13:53,R_1yypNhhSsEJUQE1,phil,No,46,57,0.6,0.5,2
2025-09-26 16:14:11,R_3p11hUxBMYymRKF,phil,No,69,69,0.7,0.6,27
2025-09-26 16:15:12,R_2c7rFLhNrMyYDqq,phil,No,64,78,0.8,0.4,58
2025-09-26 16:15:44,R_2n1bwuPBRTUwqPC,phil,No,27,49,0.6,0.5,25
2025-09-26 16:17:10,R_8DYWhoLoF01RcF6,phil,No,14,60,0.7,0.5,0
2025-09-26 16:18:20,R_2fqdWHKnonSYiSe,phil,No,44,63,0.5,0.5,17
2025-09-26 16:19:48,R_2BYiu24WnNbsp1C,phil,No,45,66,0.4,0.5,26
2025-09-26 16:20:56,R_2XbWRcORbxMnr60,phil,No,80,64,0.6,0.5,7
2025-09-26 16:21:15,R_2Wiw8A9JZdSobUl,phil,No,56,100,0.7,0.5,0
2025-09-26 16:25:40,R_2MRSmhzGVdMtZ8E,phil,No,61,33,0.6,0.4,2
2025-09-26 16:25:46,R_5mW3O42f8Qkg2FD,phil,No,38,61,0.8,0.7,25
2025-09-26 16:26:19,R_7tfpCGDKjdPyufT,phil,No,16,69,0.7,0.6,24
2025-09-26 16:26:21,R_8SdYLlHUnl4vGXT,phil,No,22,74,0.4,0.5,2
2025-09-26 16:29:57,R_8wKPRLmKL11gNWU,phil,No,32,30,0.4,0.5,0
2025-09-26 16:32:16,R_80f2zzAjseiDI9b,phil,No,14,0,0.4,0.5,7
2025-09-26 16:33:41,R_8NCWOV3xBbmwru1,phil,No,5,34,0.2,0.3,0
2025-09-26 16:34:20,R_1xOi3dO5ZyCxWEx,phil,No,57,87,0.6,0.5,4
2025-09-26 16:39:19,R_2gFP1gyPtVtKbGy,phil,No,1,92,0.5,0.4,0
2025-09-26 16:41:44,R_6iwIVNhv7VY33jZ,phil,No,50,94,0.3,0.5,1
2025-09-26 16:46:34,R_8EqvXRZ1wdGliCZ,phil,No,9,78,0.5,0.4,0
2025-09-26 16:49:15,R_2VapZSuDDfHmTcZ,phil,No,45,30,0.1,0.7,20
2025-09-26 16:49:22,R_6MsojtRmi0jzwjH,phil,No,19,29,0.5,0.3,35
2025-09-26 16:49:33,R_1lG4aicazqO8a8a,phil,No,71,59,0.4,0.3,28
2025-09-26 16:49:45,R_8rIhgcnLs0zZ1Ae,phil,No,67,76,0.7,0.9,34
2025-09-26 16:50:22,R_86hCOAUVH1pFOX0,phil,No,49,75,0.9,0.7,31
2025-09-26 16:51:21,R_7rqVG5kPRHHYUxG,phil,No,54,71,0.7,0.4,3
2025-09-26 16:52:12,R_3MX8nN8ZPy4pkhV,phil,No,32,80,0.6,0.3,11
2025-09-26 16:53:47,R_2yqnDsBwlufmNUA,phil,No,62,100,0.5,0.2,16
2025-09-26 16:53:48,R_8wB7Cr1BU7tRdZY,phil,No,13,36,0.8,0.4,2
2025-09-26 17:11:01,R_6ZBOGsoeMzQBHWx,phil,No,77,63,0.9,0.9,46
2025-09-26 17:13:21,R_8UasIHwgzfHb0OS,phil,No,30,65,0.7,0.6,11
2025-09-26 17:22:53,R_2Y6fzpaBoVf5mjC,phil,No,41,78,0.6,0.7,54
2025-09-26 17:22:58,R_1s0IjTEEmjjRBtU,phil,No,57,86,0.4,0.4,8
2025-09-26 17:27:07,R_3ON6YfV71YI9TBx,phil,No,50,74,0.5,0.6,24
2025-09-26 17:30:03,R_1cUTIe5HRhscSYN,phil,No,86,44,0.2,0.4,57
2025-09-26 17:35:47,R_2lYlzQag1SmrsgV,phil,No,44,57,0.4,0.3,27
2025-09-26 17:44:41,R_1wskiAu7YGUoSkJ,phil,No,77,82,0.6,0.7,75
2025-09-26 17:49:59,R_6Mll1DIkWyyvbfX,phil,No,82,72,0.2,0.7,42
2025-09-26 17:55:08,R_10Yei8ezgyMOkqd,phil,No,49,100,0.5,0.5,51
2025-09-26 18:01:39,R_5soZroWjxJejngf,phil,No,80,25,0.7,1,38
2025-09-26 18:06:08,R_1zASU11kutMESdK,phil,No,23,34,0.4,0.6,28
2025-09-26 18:06:47,R_7Eu6hBf1bjQx23j,phil,No,38,77,0.4,0.8,25
2025-09-26 18:07:58,R_2m24nD7h3QGwh7X,phil,No,58,100,0.6,0.4,76
2025-09-26 18:13:19,R_70vOtpRS05EcAHg,phil,No,68,80,0.6,0.5,0
2025-09-26 18:17:36,R_1PUFt6R1g9BdGbW,phil,No,34,26,0.7,0.5,1
2025-09-26 19:10:00,R_1DY5yFNjgNdYwzU,phil,No,28,31,0.2,0.4,33
2025-09-26 19:27:43,R_1vYdQ0yTgo7CZOt,phil,No,19,35,0.6,0.2,21
2025-09-26 19:40:50,R_5ueiGRErIJxbYxb,phil,No,73,63,0.6,0.4,79
2025-09-26 19:42:47,R_3rHkVhwxNxB45oo,phil,No,100,88,0.4,0.8,44
2025-09-26 19:43:57,R_5F397jnD0O96z5E,phil,No,18,63,0.8,0.8,33
2025-09-26 20:16:43,R_5zovDkDz68eZjhL,phil,No,35,73,0.3,0.7,27
2025-09-26 20:19:04,R_2lp2dToYAEWwEiE,phil,No,30,63,0.2,0.5,2
2025-08-26 12:49:38,R_2rNSwYZevdhTHim,art,AI,16,30,0.9,0.6,55
2025-08-26 12:51:32,R_66s2b2FGHof35wB,art,AI,51,70,0.7,0.5,59
2025-08-26 12:51:35,R_2LtyoOkd8K2BraM,art,AI,3,80,0.7,0.7,2
2025-08-26 12:53:00,R_2RP28vqxcMOAPKL,art,AI,25,53,0.2,0.4,38
2025-08-26 12:53:07,R_2FPrmQfeu3UxRxs,art,AI,10,52,0.9,0.7,51
2025-08-26 12:54:19,R_2oIjztjSXz4Y150,art,AI,11,50,0.1,0.1,26
2025-08-26 12:55:49,R_7GyXkd5gXNYIxJD,art,AI,24,37,1,0.6,57
2025-08-26 12:55:53,R_82nnfSegsjzWKjQ,art,AI,5,18,0.9,0.1,22
2025-08-26 12:56:04,R_8uVVOHnVgBEnkU9,art,AI,0,58,0.4,0.7,9
2025-08-26 12:57:18,R_23UXGi9sjteoqWR,art,AI,0,100,0.6,0.5,5
2025-08-26 12:58:00,R_88IYbZjdLahMH9Z,art,AI,23,79,0.7,0.5,32
2025-08-26 12:58:34,R_8Mg3xbu3nqMQuog,art,AI,54,85,0.6,0.5,68
2025-08-26 12:59:06,R_2oxTbGWHWM3sEvv,art,AI,7,55,0.6,0.7,41
2025-08-26 12:59:13,R_8m3HuVrrOVruGgb,art,AI,6,21,0.8,0.6,24
2025-08-26 13:00:43,R_8aWWEecYyuphCIr,art,AI,15,57,0.8,0.5,57
2025-08-26 13:01:38,R_83d1MnYRm2QM45r,art,AI,0,16,0.7,0.7,12
2025-08-26 13:01:41,R_1Uk3bewUiOEiNYl,art,AI,51,40,0.6,0.5,0
2025-08-26 13:01:54,R_8YjUrTHyK5MvsWJ,art,AI,51,64,1,0.7,67
2025-08-26 13:02:46,R_8Lk5qCFElkbq0XV,art,AI,49,68,0.8,0.6,33
2025-08-26 13:03:26,R_8pSMbagSaiheu90,art,AI,13,36,0.7,0.7,37
2025-08-26 13:03:52,R_7Vd3EGhBKvR3KLv,art,AI,16,57,0.8,0.6,35
2025-08-26 13:04:30,R_2DT0GWBibBmVxHP,art,AI,24,72,0.7,0.9,54
2025-08-26 13:05:04,R_2dhQAt1Xvdtpm2Y,art,AI,66,47,0.8,0.6,54
2025-08-26 13:05:20,R_5gZ6IBbO0OUW4Mb,art,AI,2,93,0.7,0.8,15
2025-08-26 13:05:31,R_5dxqKWNlrsBLPtD,art,AI,31,85,0.8,0.8,61
2025-08-26 13:05:52,R_8c87J5VBX3PrKLQ,art,AI,10,82,0.6,0.6,30
2025-08-26 13:06:31,R_2Nk9pwiMhk7msp4,art,AI,34,48,0.9,0.7,41
2025-08-26 13:06:43,R_83XHL47uAz8T28N,art,AI,23,84,0.7,0.4,74
2025-08-26 13:06:56,R_7wGyecGZ9tp5Phv,art,AI,66,30,1,0.7,87
2025-08-26 13:07:06,R_6slOCwJCSjgjUSl,art,AI,15,53,0.8,0.7,63
2025-08-26 13:08:15,R_7eawFiRJ87g9i0M,art,AI,49,86,0.9,0.6,41
2025-08-26 13:08:54,R_2dS8vZrKDWR7wu9,art,AI,11,24,0.7,0.7,25
2025-08-26 13:10:03,R_8QLNaO3kJToyXcA,art,AI,6,75,0.6,0.7,49
2025-08-26 13:10:56,R_11tBvgBcKG24qwm,art,AI,78,91,1,1,70
2025-08-26 13:11:02,R_5Rsqq2CZVTueEnf,art,AI,7,47,0.5,0.5,32
2025-08-26 13:12:18,R_89NMjKOMh5Jis9j,art,AI,9,84,0.7,0.5,28
2025-08-26 13:12:42,R_7Yg1u7B2Fkb1qK6,art,AI,77,88,0.2,0.5,95
2025-08-26 13:12:46,R_5IphqLDNlyTkpqi,art,AI,49,82,1,0.9,67
2025-08-26 13:12:51,R_2CfCP5mcPokJkDT,art,AI,73,74,0.8,0.9,73
2025-08-26 13:15:13,R_5LvRXayVo1rjdfn,art,AI,62,47,0.8,0.6,72
2025-08-26 13:19:12,R_8KADTddj09uV8dr,art,AI,59,50,0.6,0.7,64
2025-08-26 13:20:30,R_2n8dq0sIIf3x6BX,art,AI,6,57,0.8,0.4,12
2025-08-26 13:20:58,R_8VcvnXT2wfLgenT,art,AI,31,36,0.6,0.4,53
2025-08-26 13:22:09,R_8zKhV72akI69cZ3,art,AI,1,46,0.7,0.6,6
2025-08-26 13:25:45,R_2rwjzhyQ7lXMMI0,art,AI,22,38,0.6,0.3,35
2025-08-26 13:26:15,R_2NVCpOA1NbqOCTb,art,AI,3,22,0.3,0.5,37
2025-08-26 13:26:21,R_6EuvFS7vzBk06Rj,art,AI,0,5,0.5,1,7
2025-08-26 13:32:06,R_5Uf5I0GSF5cqm6W,art,AI,80,70,0.6,0.9,81
2025-08-26 13:32:46,R_2CQCg6N1xD9s0At,art,AI,10,96,0.7,0.6,38
2025-08-26 13:37:14,R_5i0QAnv1BSAtkAN,art,AI,69,93,0.9,1,64
2025-08-26 13:37:58,R_35FRtXTdDxZxaiB,art,AI,56,86,0.6,0.6,66
2025-08-26 13:40:25,R_7M5a1BDG1XvKZ09,art,AI,19,45,0.2,0.7,5
2025-08-26 13:43:52,R_87l17830vaMYtja,art,AI,52,86,0.9,0.7,90
2025-08-26 13:45:55,R_8fa2VTipQ412wOs,art,AI,68,26,1,1,52
2025-08-26 13:46:37,R_3nkJxxBQNB3qz9m,art,AI,26,53,0.3,0.6,55
2025-08-26 14:00:11,R_6PnJy5RXSEXnaer,art,AI,100,100,0.9,1,100
2025-08-26 14:14:23,R_3KlQqNLPkGp5VkJ,art,AI,37,85,0.5,0.6,57
2025-08-26 14:15:22,R_8L6lv9oCEIPeHMz,art,AI,5,91,0.8,0.5,38
2025-08-26 14:21:39,R_7E1F68JmyudrDtT,art,AI,100,87,1,0.6,90
2025-08-26 16:58:33,R_8Mfi8QnPzNeZMnD,art,AI,0,22,0.3,0.7,12
2025-08-26 16:59:28,R_2UTm3FNC9hcsMwh,art,AI,39,70,0.8,0.5,49
2025-08-26 17:01:37,R_6GXqi0LLegOawpP,art,AI,44,73,0.8,0.6,70
2025-08-26 17:01:56,R_5mZYJPo0ez1Byx0,art,AI,16,66,0.4,0.4,0
2025-08-26 17:03:12,R_3fJrhUgftJ0x01M,art,AI,1,60,0.8,0.5,10
2025-08-26 17:03:15,R_8c2tIR6mpKCR1yp,art,AI,32,61,0.9,0.7,52
2025-08-26 17:05:05,R_8AQdJ7WirBSAwG6,art,AI,49,59,0.7,0.6,62
2025-08-26 17:08:39,R_59cBkU0X7ulpUM9,art,AI,21,83,0.5,0.6,49
2025-08-26 17:10:13,R_2dAKR06aQDmZv8U,art,AI,49,51,1,0.7,53
2025-08-26 17:10:53,R_5MaKczOIdBsWFQK,art,AI,63,85,0.6,0.5,87
2025-08-26 17:12:07,R_1P4I0UI5mDPIz2X,art,AI,29,51,0.6,0.5,28
2025-08-26 17:13:20,R_2P8fgi7goBM0l97,art,AI,40,64,0.2,0.4,23
2025-08-26 17:13:54,R_1JIRFrYq6Mi2t1Y,art,AI,7,9,0.4,0.5,23
2025-08-26 17:16:07,R_3JUQ3k3hGmh717Y,art,AI,17,78,0.6,0.8,27
2025-08-26 17:20:43,R_6vY1vNmaj0wraz7,art,AI,49,74,0.4,0.5,82
2025-08-26 17:21:31,R_2Gt59QVr9j3mYYV,art,AI,12,89,0.8,0.7,30
2025-08-26 17:22:12,R_8hQNB0kKuyfbyhF,art,AI,6,49,0.5,0.7,53
2025-08-26 17:22:32,R_8GNRe8u15Q70MSi,art,AI,35,66,0.9,0.6,48
2025-08-26 17:22:34,R_2DAwZKHV2AtbyXD,art,AI,6,7,0.4,0.8,50
2025-08-26 17:22:45,R_2QDXTvpp536zJYd,art,AI,29,62,0.8,0.6,60
2025-08-26 17:22:47,R_6par1shkFLGY6LS,art,AI,7,71,0.8,0.6,20
2025-08-26 17:22:53,R_8d0R3P5Xtf53RDM,art,AI,46,12,0.9,1,48
2025-08-26 17:23:53,R_80PDJhTaodndRpa,art,AI,45,23,0.7,0.7,41
2025-08-26 17:23:58,R_82rEfH0RDK1O7Gl,art,AI,15,63,0.5,0.6,18
2025-08-26 17:24:05,R_2gTqwYtP7DBtxlb,art,AI,5,39,0.9,0.8,34
2025-08-26 17:24:23,R_8FLOz2v8mYwNvel,art,AI,75,17,0.8,0.6,50
2025-08-26 17:25:50,R_3cbCUQxsJN1LDUT,art,AI,8,64,0.9,0.6,36
2025-08-26 17:25:59,R_2sMmAjUAupH4p9f,art,AI,83,60,1,1,89
2025-08-26 17:29:05,R_8tlG5WpiUQAHTA6,art,AI,5,97,0.9,0.7,22
2025-08-26 17:29:07,R_5a12K0APYzpdLTX,art,AI,78,79,1,0.8,77
2025-08-26 17:29:30,R_6X71HYFAnrJABnL,art,AI,51,49,0.3,0.5,80
2025-08-26 17:30:32,R_2wWdlXQzsWqxaY9,art,AI,12,28,0.5,0.3,33
2025-08-26 17:31:22,R_2mnCAVnhkiK642l,art,AI,8,61,0.8,0.6,10
2025-08-26 17:31:58,R_7QDynH8ohEn3qXr,art,AI,35,48,1,0.7,36
2025-08-26 17:33:01,R_2pXp0ms3GQFopwa,art,AI,84,92,0.4,0.6,68
2025-08-26 17:33:02,R_1SvNN1tILgODhQa,art,AI,10,81,0.6,0.5,2
2025-08-26 17:34:28,R_80PdHkxkfNVZTpq,art,AI,16,64,0.7,0.7,27
2025-08-26 17:34:58,R_68Tg6KOz9pdYWby,art,AI,79,70,1,0.9,81
2025-08-26 17:36:03,R_3aYVAyAhdhkA6UF,art,AI,28,25,0.8,0.6,50
2025-08-26 17:37:49,R_16etvNbF31SN2jK,art,AI,49,60,0.9,1,77
2025-08-26 17:38:03,R_5PvYtKMz0EyyP97,art,AI,14,22,0.6,0.6,24
2025-08-26 17:38:36,R_51AEeeJVrEubR3U,art,AI,58,73,0.7,0.6,61
2025-08-26 17:38:37,R_2e2ggFVylvcNLNa,art,AI,81,100,0.2,0.7,69
2025-08-26 17:38:46,R_5KxASSxDj791DFv,art,AI,50,49,1,0.8,88
2025-08-26 17:39:45,R_6wH3ocyNqOkdlSP,art,AI,6,51,0.6,0.4,6
2025-08-26 17:39:50,R_2cWkSvBA3KpIOU9,art,AI,62,76,0.7,0.7,45
2025-08-26 17:43:42,R_2F3ARoDSiW5wtPE,art,AI,58,61,0.6,0.5,79
2025-08-26 17:43:51,R_1qeWhTexW4ZkRdT,art,AI,74,86,0.5,0.6,97
2025-08-26 17:45:36,R_5BVfE2KrYBRNwZJ,art,AI,55,49,0,0.4,52
2025-08-26 17:45:47,R_3wLhKEidno3yPx1,art,AI,35,55,0.9,0.7,36
2025-08-26 17:45:55,R_6qfIzrM78icd53E,art,AI,26,70,0.3,0.5,20
2025-08-26 17:48:18,R_8Y4liK6QVUN3jZj,art,AI,49,56,0.7,0.8,62
2025-08-26 17:49:34,R_6eXcTTIT5RFSF23,art,AI,33,37,0.8,0.7,49
2025-08-26 17:49:58,R_2BfyFzbBSbk1Zyj,art,AI,0,73,0.6,0.5,27
2025-08-26 17:52:05,R_5drDlkX0PoQUCMp,art,AI,80,100,0.5,0.9,56
2025-08-26 17:53:59,R_7nr0FirnKJi0Emt,art,AI,87,99,0.9,0.9,81
2025-08-26 17:54:18,R_74NgngAH2f4l7Mt,art,AI,0,32,0.5,0.3,17
2025-08-26 17:55:41,R_8QKEolKv9hXAXyS,art,AI,100,100,0.6,0.5,40
2025-08-26 17:56:02,R_3z4Bf2YkkCoyF0Z,art,AI,45,53,0.3,0.9,73
2025-08-26 17:56:13,R_7eaX8B215g6Mp9H,art,AI,26,46,0.6,0.6,12
2025-08-26 17:56:21,R_6XpacjICq4AMqpu,art,AI,25,82,0.9,0.8,53
2025-08-26 17:57:25,R_1mEm0TpjxfLV1xh,art,AI,18,67,0.9,0.6,33
2025-08-26 17:58:17,R_6094sCSaHNAcBf2,art,AI,85,80,0.5,0.7,51
2025-08-26 17:59:49,R_7WTjTsFBYNsJs3w,art,AI,51,81,0.4,0.8,49
2025-08-26 18:03:53,R_1JaS0pOCGepbS3S,art,AI,20,59,0.6,0.5,34
2025-08-26 18:05:05,R_3zjW4hZwP2Jm35f,art,AI,77,78,0.7,1,95
2025-08-26 18:06:57,R_3dsvTEMUsenAR89,art,AI,75,100,0.4,0.6,75
2025-08-26 18:07:47,R_1R83w6wGnTd9Fnq,art,AI,50,100,0.9,0.6,54
2025-08-26 18:08:22,R_8DSY7J9puK5Lc5N,art,AI,70,77,0.3,0.4,29
2025-08-26 18:08:36,R_6Utl7PHo94CXbcR,art,AI,52,49,0.6,0.6,50
2025-08-26 18:10:28,R_3DjRS558D2EWjQn,art,AI,41,43,0.6,0.8,52
2025-08-26 18:10:59,R_5gB5IZgunPclKP7,art,AI,38,84,0.7,0.7,70
2025-08-26 18:13:02,R_2uUwun8nAqx6wEB,art,AI,4,55,0.7,0.6,27
2025-08-26 18:15:51,R_3D0nSaZXOGMuTGy,art,AI,43,100,0.4,0.5,100
2025-08-26 18:19:39,R_6DA6IrzL9eHdd0Y,art,AI,58,60,0.1,0.5,57
2025-08-26 18:19:43,R_2Cm5PBnYnwe7Vn3,art,AI,54,90,0.4,0.6,65
2025-08-26 18:31:13,R_1EaNKtWuJjvJcBG,art,AI,41,61,0.3,0.6,51
2025-08-26 18:33:39,R_7PzSnuRxDegjpXG,art,AI,10,36,0.9,0.6,60
2025-08-26 18:48:34,R_1P0T4dGBx7tZjmd,art,AI,55,52,0.9,0.9,61
2025-08-26 18:51:15,R_1Mg3newvRCtEXBv,art,AI,40,54,0.5,0.7,32
2025-08-26 18:52:46,R_3npdDRKfQoXYBcd,art,AI,58,2,0.8,0.7,53
2025-08-26 19:01:47,R_3DHGBDOMB26N7Pn,art,AI,55,78,0.2,0.7,68
2025-08-26 19:04:50,R_7fENbPrgGjU9vfr,art,AI,58,61,0.9,0.6,66
2025-08-26 19:10:38,R_7erR6Lt429xSQku,art,AI,59,36,1,0.9,72
2025-08-26 19:12:33,R_3mH1qlLZwr94R4R,art,AI,51,88,0.3,0.9,79
2025-08-26 19:12:39,R_7HcW3ZW7Z1SIRs8,art,AI,57,91,0.4,0.4,68
2025-08-26 19:17:39,R_8ek4vnMxxO8xkRu,art,AI,43,92,0.5,0.6,51
2025-08-26 19:31:13,R_8015DpY84cgIErY,art,AI,100,100,0.9,0.9,100
2025-08-26 20:52:49,R_64qPOMa8lETv8KL,art,AI,88,84,0.7,0.7,79
2025-08-26 21:02:18,R_7rM4GJDFFC5TGKq,art,AI,62,80,0.5,0.9,55
2025-08-27 12:33:49,R_3fx1nOHmLeKh4t7,art,AI,53,100,0.8,0.6,65
2025-08-27 12:33:50,R_8NE3AvvyXGEj6TM,art,AI,0,74,0.9,0.8,61
2025-08-27 12:33:57,R_5O6Fo1h3suAGabf,art,AI,21,69,1,0.7,53
2025-08-27 12:34:41,R_8io1lrn2pfQJznX,art,AI,22,57,0.8,0.6,28
2025-08-27 12:36:22,R_2gjcDfiqkl1u0au,art,AI,88,74,1,0.9,91
2025-08-27 12:36:22,R_2dZvCCBh5W01EHf,art,AI,46,48,0.8,0.8,60
2025-08-27 12:36:29,R_3huxj7IqSc9XcCU,art,AI,27,31,0.7,0.5,48
2025-08-27 12:36:40,R_6GmMu9Qd0UD65jz,art,AI,7,70,0.7,0.5,4
2025-08-27 12:36:44,R_24ME1DdsNy1gzt9,art,AI,26,58,0.3,0.3,31
2025-08-27 12:37:50,R_3PyOjCA1K0KFwvC,art,AI,10,100,0.9,0.8,30
2025-08-27 12:38:00,R_20EkQ0mZxRifeLL,art,AI,25,69,0.2,0.5,53
2025-08-27 12:38:13,R_8kIhPi9DbkzEafJ,art,AI,4,62,0.7,0.4,27
2025-08-27 12:38:24,R_6a8OypL2R5yLyiw,art,AI,38,47,0.5,0.6,77
2025-08-27 12:38:27,R_3M3VYBRDFzARSjZ,art,AI,23,69,0.7,0.5,14
2025-08-27 12:39:05,R_7pYPQm1SeJy7sCB,art,AI,37,20,0.2,0.5,57
2025-08-27 12:39:20,R_24QgGUpIHdQMgXD,art,AI,4,41,0.9,0.5,47
2025-08-27 12:39:36,R_2t0aoueyJkqcL63,art,AI,57,14,0.9,0.6,64
2025-08-27 12:39:47,R_2ycVeN08IZHnLqN,art,AI,8,71,0.5,0.4,1
2025-08-27 12:40:39,R_2EdaLwjf8fVaOZ7,art,AI,45,63,0.9,0.4,59
2025-08-27 12:40:51,R_8lobEl15RxxScbw,art,AI,16,49,0.9,0.6,64
2025-08-27 12:41:09,R_2GQBU41b38ob1O9,art,AI,54,54,0.8,0.5,48
2025-08-27 12:41:14,R_2azDI3ued6XWdtS,art,AI,86,57,0.4,0.1,30
2025-08-27 12:41:20,R_22JFgZPtWmsnPOA,art,AI,64,74,0.2,0.5,56
2025-08-27 12:42:07,R_81hYd6ZRE3prKA4,art,AI,20,51,0.8,0.9,50
2025-08-27 12:42:14,R_8Sy8gNRQ7Dn9e1j,art,AI,0,98,0.6,0.6,32
2025-08-27 12:42:51,R_1oSYbsiZcKXbFkY,art,AI,35,58,0.6,0.6,32
2025-08-27 12:43:10,R_3pupgA9lVXXnWNC,art,AI,0,65,0.6,0.7,16
2025-08-27 12:43:19,R_2CVnKw0frqvTytj,art,AI,30,58,0.3,0.6,3
2025-08-27 12:43:33,R_2oYfhBPzAfhknBI,art,AI,55,76,0.9,0.7,18
2025-08-27 12:43:40,R_2WZpHHONCOFvGRQ,art,AI,51,53,0.8,0.7,76
2025-08-27 12:44:49,R_2qNXmUQdAFARDFf,art,AI,64,93,0.6,0.6,74
2025-08-27 12:45:12,R_2RYTeM7yxx8r3QB,art,AI,52,85,0.8,0.7,58
2025-08-27 12:45:33,R_8jdDZq6RhQUVBE0,art,AI,54,37,0.5,0.7,53
2025-08-27 12:47:46,R_1X6uKoNWayn1sNB,art,AI,42,49,0.5,0.5,44
2025-08-27 12:52:03,R_70oRBm0iq3PFbN9,art,AI,86,87,0.4,0.3,96
2025-08-27 12:52:47,R_3fUDfqhg2h9kAnZ,art,AI,38,100,0.5,0.7,42
2025-08-27 12:53:26,R_7qfFokjHnzBlgpr,art,AI,80,100,0.8,0.3,78
2025-08-27 12:54:36,R_6OYzcQE1B0W6c8S,art,AI,25,72,0.6,0.5,3
2025-08-27 13:00:53,R_2f9bcNf97JYK57X,art,AI,92,100,0.9,0.9,58
2025-09-28 13:11:56,R_8C48QOPmdzXohBK,art,No,22,21,0.3,0.8,19
2025-09-28 13:12:44,R_8znY6D8GxZcW4de,art,No,8,76,0.4,0.3,10
2025-09-28 13:13:00,R_36S5DmXAwGlNsYh,art,No,37,58,0.7,0.3,56
2025-09-28 13:13:11,R_7PCkspnIGK5D1bb,art,No,48,76,0.6,0.4,66
2025-09-28 13:13:20,R_1PUdxOa3eJvuKfa,art,No,87,100,0.6,0.4,46
2025-09-28 13:15:02,R_6q9n58rhXQ4eaxD,art,No,49,85,0.6,0.8,19
2025-09-28 13:15:12,R_2m7xwZhqdvfiQb6,art,No,2,81,0.7,0.7,2
2025-09-28 13:15:43,R_84Oth6dOJTJ55u9,art,No,26,45,0.7,0.5,18
2025-09-28 13:16:03,R_8IWUY24gFAhi8so,art,No,19,56,0.8,0.5,21
2025-09-28 13:16:08,R_8mtqjSpJA5MbFnD,art,No,6,71,0.3,0.3,0
2025-09-28 13:16:56,R_2EiERdLoJ82Mfa9,art,No,33,84,0.5,0.7,32
2025-09-28 13:17:33,R_6VdQ85v5ZrLG2Dn,art,No,17,82,0.8,0.7,1
2025-09-28 13:18:15,R_8rkFWLJL9Wtu6Ym,art,No,14,58,0.3,0.1,0
2025-09-28 13:18:52,R_2oI0TYB7NestOJb,art,No,4,15,0.5,0.6,13
2025-09-28 13:18:59,R_2di2lyBXpLG5zVX,art,No,8,92,0.4,0.6,4
2025-09-28 13:19:05,R_3oJkyCJDgKYp27v,art,No,56,75,0.5,0.4,25
2025-09-28 13:19:38,R_1fGMfeclRIiFlXu,art,No,55,69,0.8,0.7,57
2025-09-28 13:19:56,R_1vwkLzmPahuialz,art,No,12,84,0.6,0.5,13
2025-09-28 13:20:51,R_5r0eaQbr42Q7zC6,art,No,5,49,0.6,0.6,9
2025-09-28 13:21:28,R_3Krco9zoFlBSnpi,art,No,11,62,0.4,0.5,4
2025-09-28 13:22:50,R_8Hq6CCfd5hajrCp,art,No,19,64,0.3,0.4,49
2025-09-28 13:23:02,R_3DDW9Da59pDi0Br,art,No,40,78,0.9,0.9,42
2025-09-28 13:23:43,R_8jHzA6Kdxjv9mNH,art,No,32,52,0.6,0.7,41
2025-09-28 13:23:44,R_7gl1x1MP7set4w9,art,No,15,78,0.7,1,23
2025-09-28 13:24:00,R_8CJ6JfPb0Ez5EHG,art,No,15,70,0.5,0.7,15
2025-09-28 13:25:00,R_2uF3eLdwAxCmawp,art,No,15,70,0.7,0.7,0
2025-09-28 13:25:03,R_2znDuHvbvvM33Td,art,No,12,34,0.4,0.7,15
2025-09-28 13:27:53,R_2C7SnGpdXQMEaSF,art,No,24,70,0.5,0.4,8
2025-09-28 13:28:29,R_2hhlnepxCRYVEFV,art,No,27,54,0.7,0.7,17
2025-09-28 13:29:11,R_852P3rTbzs5Gjap,art,No,15,59,0.7,0.4,56
2025-09-28 13:29:16,R_8jYUBZh8meb0Xho,art,No,3,26,0.4,0.5,5
2025-09-28 13:29:22,R_8uJuT2z2JY8uGLT,art,No,30,82,0.4,0.5,0
2025-09-28 13:30:50,R_2lCJKlJ2Ftd1uYF,art,No,56,80,0.4,0.7,83
2025-09-28 13:31:22,R_6hcGRlu1l7UKMoY,art,No,50,51,0.7,0.2,51
2025-09-28 13:31:51,R_2n7LZpL4rUGGwu0,art,No,36,55,0.4,0.4,30
2025-09-28 13:31:55,R_82gaLtgzmDFnsvZ,art,No,7,47,0.4,0.5,4
2025-09-28 13:32:04,R_5bNNQgGPF53bUxf,art,No,30,88,0.5,0.7,20
2025-09-28 13:33:04,R_8Jq5ZHonc5jp0SR,art,No,32,40,0.6,0.7,27
2025-09-28 13:33:15,R_8QMHt85yYgxvwC0,art,No,3,79,0.7,0.4,4
2025-09-28 13:33:32,R_2i7NdzAPCKd7IJz,art,No,51,54,0.2,0.2,0
2025-09-28 13:33:46,R_2U5uiccqTLkIkZv,art,No,7,71,0.3,0.8,14
2025-09-28 13:33:54,R_7DRKi22XUtOrkJj,art,No,15,77,0.8,0.9,16
2025-09-28 13:34:23,R_8Fy1LkGe21aS4ZX,art,No,28,33,0.9,0.9,3
2025-09-28 13:35:47,R_60E2W6I2fL6zQeR,art,No,8,77,0.7,0.8,33
2025-09-28 13:37:12,R_224LOMFrOY5k0I5,art,No,16,53,0.7,0.4,0
2025-09-28 13:38:04,R_35R6wf3jNx9CGRc,art,No,23,92,0.5,0.8,44
2025-09-28 13:38:25,R_2rTxDQhOZSOokwe,art,No,62,49,0.3,0.6,55
2025-09-28 13:39:10,R_6O8uq1v8XdXuXXG,art,No,59,29,0.5,0.6,52
2025-09-28 13:39:23,R_8lz8DofEoVBdRCl,art,No,28,35,0.7,0.8,27
2025-09-28 13:39:28,R_2OrZ7oGqPfT8MUN,art,No,20,83,0.6,0.6,14
2025-09-28 13:39:56,R_7Y9tcDWhRdlfW6Z,art,No,44,29,0.9,0.5,19
2025-09-28 13:41:01,R_8ZDOIPtPftjkKkk,art,No,51,62,0.5,0.6,60
2025-09-28 13:41:53,R_8s0Xplm8FZOSrAk,art,No,26,60,0.2,0.5,7
2025-09-28 13:42:26,R_8O9dI7kfPp3WPM9,art,No,6,47,0.3,0.9,0
2025-09-28 13:42:29,R_6OrbvVXPK7azoJE,art,No,56,85,0.6,0.2,58
2025-09-28 13:42:29,R_28SpM7B4T80qCE8,art,No,29,64,0.3,0.6,22
2025-09-28 13:43:11,R_3F4yi9DwJSULRFf,art,No,72,74,0.8,0.9,70
2025-09-28 13:43:12,R_80UtyL6TI7TDdtS,art,No,5,66,0.3,0.6,10
2025-09-28 13:43:21,R_8rS8577dtRmkX8F,art,No,0,89,0.4,0.8,0
2025-09-28 13:44:10,R_2arEVRzTEbP4abk,art,No,8,25,0.6,0.7,10
2025-09-28 13:44:44,R_3oTU2YWjJPOCAd8,art,No,17,37,0.6,0.6,4
2025-09-28 13:45:18,R_2VaKbZdoQZggD0v,art,No,45,78,0.1,0.6,12
2025-09-28 13:45:49,R_892UeMxak21I6gF,art,No,16,47,0.4,0.5,55
2025-09-28 13:46:23,R_8rki0m1IYAdgF7q,art,No,39,36,0.8,0.8,13
2025-09-28 13:46:37,R_5mxxbAKGJ0mwc38,art,No,22,90,0.8,0.8,46
2025-09-28 13:49:33,R_8fxAXAft1uDnQPb,art,No,65,45,0.1,0.4,24
2025-09-28 13:49:39,R_8R1yKrx1vV4MHmd,art,No,62,43,0.6,0.6,37
2025-09-28 13:50:19,R_8EfVq8Fq0IlNDmN,art,No,4,72,0.3,0.6,48
2025-09-28 13:50:34,R_8MoqTuZ6U6bTJ69,art,No,0,68,0.4,0.3,1
2025-09-28 13:51:29,R_2I6swOCNLykQ5sv,art,No,55,100,0.2,0.7,46
2025-09-28 13:51:41,R_2ApPjFPFweAZpNT,art,No,17,9,0.5,0.7,0
2025-09-28 13:51:47,R_2R3KTO2rJ20FVgi,art,No,2,8,0.5,0.6,30
2025-09-28 13:52:39,R_2tclVgsc8SvNLpV,art,No,39,76,0.8,0.9,7
2025-09-28 13:53:19,R_2C6YAe30a4T9Ovw,art,No,45,100,0.3,0.5,25
2025-09-28 13:56:42,R_21KG9o19iZv63Pl,art,No,0,57,0.4,0.7,2
2025-09-28 13:56:43,R_8KJ8KDg3Z70tnRT,art,No,22,42,0.4,0.5,27
2025-09-28 13:57:36,R_20VhQfBKrfGd6ue,art,No,41,63,0.6,0.7,29
2025-09-28 14:00:56,R_26lJdWshwsts9tC,art,No,21,26,0.5,0.6,7
2025-09-28 14:02:11,R_7Fxg5B3fZTyaqYZ,art,No,76,68,0.7,0.6,44
2025-09-28 14:08:04,R_8wq6zixs8pJT1Yd,art,No,6,68,0.6,0.8,33
2025-09-28 14:08:32,R_215f76g8gjjOcLb,art,No,0,77,0.5,0.3,0
2025-09-28 14:09:42,R_3QDpfod7VT7F2SR,art,No,45,78,0.8,0.7,35
2025-09-28 14:13:44,R_8kBUp2Gi2xUtTz2,art,No,10,72,0.7,0.7,5
2025-09-28 14:14:37,R_5XdrUzL0VIAOECS,art,No,35,85,0.5,0.6,15
2025-09-28 14:15:20,R_8WSHbtOSvLAHocU,art,No,16,9,0.4,0.5,1
2025-09-28 14:15:57,R_6WD6VW7EpCttrvX,art,No,11,66,0.4,0.6,1
2025-09-28 14:18:18,R_33eNoYAnlZTPDtW,art,No,45,69,0.8,0.8,33
2025-09-28 14:36:28,R_1FzyDcqJjwtz6MR,art,No,29,51,0.5,0.5,16
2025-09-28 14:37:51,R_8RXiJlNfBvUKA9T,art,No,7,47,0.2,0.5,21
2025-09-28 14:38:15,R_810dF5FjIyLnklf,art,No,9,19,0.5,0.1,0
2025-09-28 15:02:32,R_8IMLJQYeOhGtSDE,art,No,18,62,0.8,0.6,0
2025-09-28 15:06:22,R_2gu9FauYqzYRkoV,art,No,75,76,0.3,0.3,56
2025-09-28 15:18:27,R_1xecqEyeINv5eb7,art,No,10,23,0.4,0.5,16
2025-09-28 15:21:34,R_8G2jaFwMzb49dER,art,No,11,28,0.7,0.5,51
2025-09-28 15:32:40,R_5JnkKWhSR4dsgrn,art,No,49,53,0.7,0.6,6
2025-09-28 15:37:58,R_2jAeAypj82xUWS5,art,No,52,82,0.6,0.7,43
2025-09-28 15:51:12,R_6dX6np3rMhUgckF,art,No,14,100,0.6,0.4,23
2025-09-28 16:03:20,R_3iqyGsW75Mu5maB,art,No,32,89,0.5,0.2,0
2025-09-28 16:28:17,R_2zNNk3UCRZNgkyF,art,No,23,89,0.4,0.9,52
2025-09-28 16:55:00,R_39st5ZZtHCXBH6V,art,No,21,3,0.5,0.7,18
,,,,,,,,
,,,,,201,,,
